<?xml version="1.0" encoding="utf-8"?>
<odoo>
    <data>
        <!-- Define el registro de la plantilla de correo electrónico -->
        <record id="email_template_welcome_profesor" model="mail.template">
            <field name="name">Welcome Email for Professors</field>
            <field name="model_id" ref="model_gestionpracticas_profesor"/>
            <field name="subject">Welcome to Our School!</field>
            <field name="email_from">your_email@example.com</field>
            <field name="lang">${object.lang}</field>
            <field name="body_html" type="html">
                <![CDATA[
                    <p>Dear ${object.name},</p>
                    <p>Welcome to our school! We are excited to have you as a professor.</p>
                    <p>Best regards,</p>
                    <p>Your School Team</p>
                ]]>
            </field>
        </record>

        <!-- Asigna la plantilla al registro de profesores -->
        <record model="ir.actions.server" id="action_send_welcome_email">
            <field name="name">Send Welcome Email</field>
            <field name="model_id" ref="model_gestionpracticas_profesor"/>
            <field name="state">code</field>
            <field name="code">model.send_welcome_email()</field>
        </record>

        <!-- Crea un menú o un botón para disparar el envío del correo -->
        <act_window id="action_send_welcome_email_window"
            name="Send Welcome Email"
            res_model="ir.actions.server"
            src_model="model_gestionpracticas_profesor"
            view_mode="form"
            view_id="view_gestionpracticas_profesor_form"
            target="new"/>
    </data>
</odoo>
